Name,Age,Salary,Active,Timestamp
IihxahdzXK,14,68.77,False,2004-01-26 00:00:00
cBPeHGtMDN,49,4.05,False,2006-09-08 00:00:00
mLORecRasz,6,49.97,True,2011-10-07 00:00:00
hTYvZFefpT,99,46.33,False,2018-04-02 00:00:00
EXrIubSFOZ,93,98.41,True,2009-04-11 00:00:00
xhYsKjAMfa,83,55.22,False,2004-02-06 00:00:00
JgoMUXhcKi,77,10.85,False,2003-06-04 00:00:00
WSePcgPwbu,59,67.41,False,2000-10-04 00:00:00
VYlpkNDoKL,15,50.14,True,2011-11-03 00:00:00
aSxBsuRljV,94,22.02,False,2001-01-24 00:00:00
zJieCKkakL,83,67.35,False,2018-09-17 00:00:00
sZatGEPMxm,81,88.22,True,2007-06-05 00:00:00
nrEyFwHwJE,50,46.91,False,2028-08-04 00:00:00
gniwIfpEQx,77,9.52,False,2020-09-20 00:00:00
wiApdDqoQu,84,57.21,True,2005-03-16 00:00:00
TlTNloWOgR,46,44.28,True,2008-01-08 00:00:00
LZaYkjzZCy,8,30.57,False,2000-03-09 00:00:00
NJjuXckKin,11,94.4,True,2026-11-25 00:00:00
EDIuCTWCMU,13,14.94,True,2030-07-31 00:00:00
yKLUhUFaYU,62,91.44,False,2024-07-14 00:00:00
gCpzFlREDy,73,39.86,True,2002-12-28 00:00:00
lUYEqZIxtF,31,48.12,False,2022-07-31 00:00:00
TVLWBzgFTP,100,74.98,True,2026-11-05 00:00:00
umLahBLMUi,34,71.12,True,2027-09-14 00:00:00
FKVzYsKVDS,37,18.13,True,2022-05-14 00:00:00
VojzBlHHPY,67,96.8,False,2022-01-14 00:00:00
mfOgoWawMn,96,68.72,True,2021-11-11 00:00:00
xanRXWNZWh,90,33.14,False,2000-10-31 00:00:00
TvGQGOtZlX,9,85.19,False,2027-12-01 00:00:00
hVwvWBYWkY,73,65.65,True,2022-05-16 00:00:00
qHibZLgOaR,63,27.71,False,2013-05-24 00:00:00
lXoMItmsRB,49,53.32,False,2013-10-19 00:00:00
DCwwIuvWtv,15,12.27,True,2012-08-05 00:00:00
fKpPmxCFSb,91,34.07,False,2018-12-12 00:00:00
QHVmRtsCdW,67,74.9,True,2013-08-29 00:00:00
ERWebCaEZw,90,81.69,False,2017-01-06 00:00:00
NXNeIMaFqZ,25,29.41,False,2019-04-08 00:00:00
ITWwnqztKw,32,11.56,True,2019-08-25 00:00:00
XxnMkztsBO,85,14.3,True,2030-12-05 00:00:00
XHeOneidZi,84,87.01,False,2003-08-21 00:00:00
eJOmbGBnkr,24,19.14,True,2027-09-16 00:00:00
ZEQxjRkyut,3,13.7,False,2018-10-02 00:00:00
nRifTNYulX,43,79.13,True,2027-08-19 00:00:00
oPmIwQGzpE,50,82.69,True,2028-02-28 00:00:00
WLDZybYrBO,47,16.43,True,2000-04-22 00:00:00
YQHhaoLYPe,71,19.48,False,2017-11-27 00:00:00
SgffApejAQ,10,20.7,True,2024-02-03 00:00:00
SMsgpmaQmb,66,36.76,True,2005-08-12 00:00:00
MYhWYtZbIQ,6,26.75,True,2021-01-20 00:00:00
cURdaZKOPs,78,47.22,False,2030-12-03 00:00:00
UYRyYJPRxS,65,92.95,True,2010-08-17 00:00:00
OVVNpYwZWw,55,14.55,False,2008-05-13 00:00:00
QANqWAhrtj,19,46.42,True,2000-11-16 00:00:00
qUHyvcTgAx,11,17.72,True,2001-01-17 00:00:00
DVXZXNxDyA,65,21.3,False,2028-01-03 00:00:00
XMoWquMyPB,77,46.13,True,2026-11-08 00:00:00
VcizShoEDB,3,28.11,True,2025-01-12 00:00:00
YYisIQBjvs,32,18.86,False,2004-05-25 00:00:00
jKbEwcwSIs,40,34.88,False,2014-04-29 00:00:00
LZRbXFhYIs,87,71.67,True,2009-04-14 00:00:00
zQMiYGZrwW,92,18.12,False,2010-08-02 00:00:00
XVjAaIYUTX,51,50.85,True,2003-01-27 00:00:00
UkNNQyvrkY,18,95.91,False,2005-12-15 00:00:00
SuMKPZymwO,50,96.04,True,2011-08-24 00:00:00
hqDlBTCSMp,3,8.08,False,2000-03-17 00:00:00
bwGwnLLrjx,72,38.05,True,2014-04-26 00:00:00
XPPxwYxxVe,18,3.34,False,2012-03-14 00:00:00
RRmTRVEoyW,69,46.75,False,2018-03-25 00:00:00
SvPqeJrHcY,17,3.59,True,2012-05-20 00:00:00
yMZcsQaQlU,53,34.14,True,2019-10-16 00:00:00
QOsAddBpIZ,2,36.35,False,2027-11-17 00:00:00
rcKIRauPFt,76,80.01,True,2017-01-20 00:00:00
fxVoBItmHQ,4,99.86,False,2007-01-15 00:00:00
oHWKGXZtJD,11,69.38,False,2005-01-06 00:00:00
hNqduCAqJl,61,34.44,False,2011-09-13 00:00:00
gaZGJtwsnd,42,58.82,True,2028-06-05 00:00:00
bomfrWTQpg,90,39.18,True,2006-01-20 00:00:00
cXwhceMeEi,39,74.38,False,2008-01-04 00:00:00
LFbwrHgLUx,93,28.36,True,2022-04-18 00:00:00
FVhzCNCaJE,21,54.8,True,2023-06-15 00:00:00
rxhyOuAbDn,45,18.57,True,2002-09-03 00:00:00
uIgqGCNQNe,70,28.49,False,2027-11-19 00:00:00
VDKIHluFKr,71,13.28,False,2000-05-23 00:00:00
alXwanbICv,85,94.8,False,2010-07-27 00:00:00
JVDjWUjCOs,24,5.42,False,2013-04-03 00:00:00
lVkzjgfZIO,67,3.55,False,2001-05-24 00:00:00
wvwznftiIV,56,61.61,False,2019-01-02 00:00:00
hFGeMiqNXj,18,56.16,True,2025-05-16 00:00:00
LMBxHdrYXP,63,42.71,False,2015-02-05 00:00:00
gfIPIORUjm,13,47.84,True,2004-02-25 00:00:00
RcNSLEMZmK,48,15.59,True,2023-08-01 00:00:00
zQVvPGOihz,60,78.65,False,2014-10-28 00:00:00
nDJielUwbo,81,79.5,False,2030-03-11 00:00:00
UUVcZbOaTL,19,13.29,False,2015-07-30 00:00:00
bJtShOJZcs,34,17.19,False,2021-03-24 00:00:00
iPgNyQgvwx,71,77.89,True,2002-10-12 00:00:00
FHUnuJsXCH,32,38.7,True,2014-10-18 00:00:00
CRNeErLXkJ,66,96.31,False,2025-08-03 00:00:00
cAwxbBRDXx,46,47.09,False,2015-01-09 00:00:00
uBGbYqmISK,22,26.45,True,2011-10-11 00:00:00
