Name,Surname,Department,Age,Salary,Active,Timestamp
AVflEhqcSU,TWRtnSvoFX,92,44,6.05,True,2028-04-06 00:00:00
KqRGypCcrC,MCUmSxeRlW,54,97,33.48,True,2029-08-01 00:00:00
oauaZdgbLN,QQTngozATJ,82,9,8.82,True,2001-11-30 00:00:00
zKTeCNJBSg,Rzjhtancyo,89,27,67.2,True,2015-03-17 00:00:00
XqKyyaatha,eleZScLlyT,65,39,26.58,False,2027-05-10 00:00:00
EggyLmBipS,PyUNfTtvNG,72,54,73.6,False,2029-04-05 00:00:00
ZXaCQFsBRj,iVuffTyTKn,40,51,3.62,False,2003-12-06 00:00:00
nmOzAAJHUu,VLxWRpHper,24,44,12.88,True,2010-04-17 00:00:00
XnaePdTYKQ,awMaaDqQLJ,40,99,93.77,False,2016-10-16 00:00:00
AHLDCqjzzW,BZdHOCHuYV,68,62,49.74,True,2028-05-13 00:00:00
ZzfMnZjVfW,oQUoWNkAoX,38,26,25.73,True,2028-10-22 00:00:00
isZaZDDmel,ckGqecZdGA,76,66,56.22,False,2030-10-02 00:00:00
sHArnolxzT,MMjXBObFES,43,52,40.4,True,2025-09-09 00:00:00
tJAkYPpCdA,PsBjeZxSkt,31,34,48.37,True,2003-11-10 00:00:00
hfrCILnmph,oWCrWwsiPb,81,7,63.72,True,2002-05-10 00:00:00
khsOUiARYY,JwGKCMPeZx,98,72,98.38,False,2029-12-28 00:00:00
tYSgXZUGar,xbOKKCakNo,28,97,8.66,True,2005-10-05 00:00:00
LkXKkVVkUe,URWsiKfRnY,24,88,7.07,True,2017-12-18 00:00:00
TzBTsiDNfE,OSzYJtIxfX,55,97,90.67,False,2029-03-03 00:00:00
FbjJFAOIfT,NsRaqBhVAx,36,80,47.07,True,2004-09-05 00:00:00
jtgZOpGbfg,HwravYfbaY,99,52,34.01,False,2007-01-11 00:00:00
NbWzKfylah,eeLBosyoQs,6,34,58.05,False,2001-08-28 00:00:00
eFiBmywJkc,uUjoFeeemU,25,41,55.21,False,2002-03-24 00:00:00
qBnfhEdgJV,rMioUVwCBA,78,6,40.65,False,2012-01-03 00:00:00
WqyIUtbvVB,SRuHjOhQDJ,79,77,59.28,False,2000-09-12 00:00:00
wBsupzIByj,hckUImyplT,13,73,91.22,False,2010-05-21 00:00:00
GEvXbGhVQU,nuRKAbtHTI,49,31,96.38,False,2021-09-17 00:00:00
pdmzROdHyK,JezTghqySz,44,7,79.52,True,2010-02-25 00:00:00
gDwlbKDHaS,nNmaqXMixT,69,69,58.89,False,2014-05-10 00:00:00
uDAVCgGHlC,ckspCeQuSt,50,60,87.83,True,2013-05-26 00:00:00
OooEgsDjzj,qCthNecibP,60,48,5.71,True,2004-07-09 00:00:00
aXYmRCVAsF,prFsEjnzHa,23,62,50.6,True,2014-08-18 00:00:00
BMIdWjSmFZ,GygCRyVLBd,43,83,36.07,True,2019-02-02 00:00:00
rSLILFVvNS,aklMFnsctE,67,94,92.7,True,2019-12-24 00:00:00
VBrcrZXelj,WAPGxNKqHC,41,2,66.72,False,2002-03-06 00:00:00
DKZTOdOCeZ,OfcbgChyQQ,91,82,63.67,True,2026-10-18 00:00:00
OhFcJlOsgp,zGsyztvRGc,10,80,22.85,True,2002-06-05 00:00:00
thNhRxAOnG,fFADfRotkR,90,48,80.55,True,2000-12-07 00:00:00
nwqlsrtECH,FLPKmhjuwG,100,96,74.44,True,2008-10-23 00:00:00
sTooqHBJFI,jKsoAemFwo,64,2,75.65,True,2001-10-19 00:00:00
usITtHIpkD,AQgZKUiWNw,38,50,51.02,False,2019-07-01 00:00:00
zwofdodHpR,DesKzqHsSn,28,39,30.79,True,2018-06-09 00:00:00
BeARDXLwMo,YTFywiqwRn,7,21,97.43,False,2012-01-05 00:00:00
KzupyHPkXy,NpqeBnIQbd,44,86,16.73,False,2003-11-16 00:00:00
bgeFinPFao,tIGxXwMBOV,5,72,37.62,True,2016-05-11 00:00:00
ktgCOBnfOs,JuJyntpAXP,75,40,17.94,True,2029-11-20 00:00:00
bZdyPISjLM,TydeZTjRKE,2,76,62.2,False,2010-10-22 00:00:00
prcveNnLuX,WoZCcdhQUf,75,98,46.16,True,2027-02-23 00:00:00
dFJutblKht,nmMMXHCVVE,4,18,52.05,False,2010-12-27 00:00:00
wkQGVBKOxm,WmTXBWNIsJ,67,5,36.3,False,2010-02-07 00:00:00
JnyuQtLrEa,qUewebdZtW,32,87,79.75,True,2004-04-27 00:00:00
CUFWevtPNH,AVWCrJkYSH,98,10,59.15,True,2022-11-15 00:00:00
eQiPlFxeEY,dtEUgMKVaj,59,1,2.28,False,2011-05-01 00:00:00
pJSZzBsBkc,xBuARPLxug,74,60,12.98,False,2015-10-27 00:00:00
YRbavlZmPz,LggUqslqmA,58,73,68.92,True,2017-06-14 00:00:00
JAvGFIHuXk,FsGLjKxnNg,1,3,81.19,False,2008-02-08 00:00:00
kShvwkuIBh,HwcRYURDFH,53,8,27.73,True,2024-12-26 00:00:00
DuwurTfvUF,XruLbyJUVR,75,53,29.27,True,2027-06-16 00:00:00
QpNGEBZvwx,DpzjYPNOXH,9,66,27.85,True,2030-10-03 00:00:00
vmXFYxHoWN,opDbcfDFUf,14,77,81.42,False,2024-04-25 00:00:00
JyDWORDJHM,tcNZlXxiLh,62,99,39.16,False,2000-02-11 00:00:00
sOdJzvrUjV,kHbkWVlFew,85,69,24.54,True,2000-01-06 00:00:00
tpQkWcAIQT,iinuAVQudk,89,18,40.5,False,2013-04-15 00:00:00
mTFkgKMwTp,XtYLLoyZtx,58,1,82.32,False,2012-04-08 00:00:00
WKBwUMJLgr,smVWsnsixb,89,43,86.87,False,2001-01-03 00:00:00
uVkHVdCaDa,svvJSPYRGW,22,85,94.81,True,2012-11-23 00:00:00
IPWGztdTAw,GEEOnnolBL,20,77,80.14,False,2021-08-22 00:00:00
MEBbpmbHDv,PnikORaMWX,75,87,44.55,False,2001-10-21 00:00:00
UYkpOTypkz,OmmOZbilXu,7,88,63.03,True,2017-02-07 00:00:00
JDkIkuwAkA,waRDhelWdK,82,69,68.41,True,2026-10-19 00:00:00
KMhPRVCEcA,cXfClzMvpg,19,52,61.66,False,2001-04-03 00:00:00
PtZFHwRjSG,EnJCBGEHni,50,85,12.17,False,2003-08-18 00:00:00
dBXaiwMTxn,funurHrbJg,55,30,22.43,True,2020-05-26 00:00:00
tPZpaTMGdr,ZBHTWkOcGJ,63,20,39.09,True,2022-02-01 00:00:00
MJaDsHKNLt,FPmakGeIXV,68,98,20.31,True,2001-11-03 00:00:00
HNIrkaNuWd,xwSRVRPqyw,51,38,70.96,True,2030-05-25 00:00:00
uutuNsmJjO,kqeqrXnnxy,11,82,50.47,True,2026-07-20 00:00:00
wwuTtjcYar,vexEMliBCV,56,39,45.1,True,2017-11-27 00:00:00
zHhApwlCdn,vmkorzrZiR,20,15,65.93,False,2003-10-16 00:00:00
KbyMJgUZSc,xEpjNDwAZD,94,65,4.18,False,2002-01-12 00:00:00
ItfnERCuMs,gFTUSaUbNJ,3,30,46.18,True,2030-05-27 00:00:00
vUhFHrxbRN,JiKWBzMdpA,57,42,46.76,True,2002-06-20 00:00:00
KAwWoDJXTB,YXbLIgSiEU,71,37,46.24,False,2011-10-06 00:00:00
RdanduYyHS,NMZCnHXmoA,48,78,52.88,True,2009-06-09 00:00:00
ZlJZisKKiQ,aeqDktqJsX,83,45,52.47,True,2013-11-29 00:00:00
NtRNyiOkEi,mlVRttwwTj,2,34,49.74,False,2003-04-26 00:00:00
nkjvrXjPIY,BoJXhiXqSf,20,97,13.87,False,2003-03-12 00:00:00
nluTHuYjFg,BSaBwAkZqd,52,62,66.53,False,2027-12-03 00:00:00
mcUvlIqMOI,xrxTsdRXFe,84,75,57.44,False,2028-10-06 00:00:00
mTLPRfKzbs,BXwnzRuceK,29,35,72.74,True,2002-12-23 00:00:00
gLcvhCgByq,JUYrmmbMsB,54,43,28.66,False,2025-03-31 00:00:00
HtXajBEiAW,xacEEDZfsf,92,53,70.6,True,2014-04-24 00:00:00
DREeReNyIP,igMoRzpZWI,96,79,52.16,False,2004-11-08 00:00:00
VGeFbIeWAf,jXSuUVbAbs,94,78,18.22,False,2002-06-07 00:00:00
kHKSGnAhgu,epdtRBcrRm,44,92,88.88,False,2009-02-15 00:00:00
eXLeEgmHpW,lrkpJOMzfW,11,40,26.59,False,2030-03-01 00:00:00
feMhXDgvFp,BIIouPWiyy,95,82,96.32,False,2011-09-11 00:00:00
YwbCahEvhO,jfSHrSKVwV,34,2,18.26,False,2029-10-02 00:00:00
qKHOIwnQss,OiwqsCEAbl,88,1,17.89,False,2000-11-08 00:00:00
DuSwfkqbhj,pQdiyQLXIJ,96,74,61.23,False,2021-02-02 00:00:00
